Persona,Arcana,Lv,HP,SP,Skills,DLC,Card,Type
Slime,Fool,1,39,11,"Endure, Poisma, Buchikamashi(2), Restoring Touch(3), Rakunda(4)",,Restoring Touch,
Pixie,Lovers,2,12,17,"Dia, Zio, Patra(3), Pulinpa(4), Clairvoyance(5)",,Dia,
Koropokkur,Hanged,2,22,12,"Faerie's Vigil, Sutakora Foot, Zio(3), Sukunda(4), Resist Elec(5)",,Faerie's Vigil,
Agathion,Magician,3,17,15,"Spotter, Agi, Hama(4), Tarunda(5), Resist Fire(6)",,Spotter,Fire_A
Anzu,Hierophant,3,17,13,"Mutudi, Garu, Cleave(4), Stun Circle(5), Resist Wind(6)",,Stun Circle,
Azumi,Hermit,3,22,14,"Hunting Prayer, Bufu, Makajam(4), Sukukaja(5), Resist Ice(6)",,Hunting Prayer,
Sandman,Strength,3,31,11,"Treasure Hunter, Sleeper Punch, Double Shot(4), Tarukaja(5), Null Sleep(6)",,Treasure Hunter,
Apsaras,Temperance,3,12,21,"Disarm, Garu, Patra(4), Wind Wall(5)",,Patra,Wind_C
Ukobach,Devil,4,22,14,"Pulinpa, Agi, Lullaby Song(5), Panic Circle(6), Evil Touch(7)",,Panic Circle,
Onmoraki,Moon,4,26,11,"Buchikamashi, Dormina, Orb of Resolve(5), Disarm(6)",,Orb of Resolve,
Ame no Uzume,Priestess,6,17,20,"Hunting Prayer, Hama, Renewal Ray(7), Makajam(8), Orb of Haste(9)",,Renewal Ray,
Empusa,Fortune,6,17,20,"Mutudi, Bufu, Patra(6), Tentarafoo(7), Sukunda(8)",,Tentarafoo,Ice_D
Mokoi,Death,6,43,12,"Pain-Eater, Single Shot, Safeguard(7), Disarm(8), Mudo(9), Resist Dark(10)",,Pain-Eater,
Nata Taishi,Chariot,7,55,11,"Twin Slash, Fusion Blast, Skull Cracker(8), Tarukaja(9), Endure(10), Null A-Bind(11)",,Skull Cracker,Physical_A
Sarasvati,Star,7,22,19,"Safety Prayer, Bufu, Pure Memento(8), Mabufu(9), Null Sleep(11), Resist Ice(12)",,Mabufu,Wind_C
Orobas,Magician,8,26,23,"Agi, Twin Slash, Gurentou(9), Maragi(10), Scarecrow(11), Disarm(12)",,Maragi,Lightning_B
Angel,Justice,8,17,23,"Dia, Garu, Mutudi(9), Media(10), Panic Circle(11), Wind Boost(12)",,Mutudi,Light_C
Valkyrie,Strength,8,51,13,"Frost Edge, Broadshot, Frost Link(9), Safeguard(10), Swordbreaker(11), Heroic Wind(12)",,Safeguard,Physical_A
Oberon,Emperor,9,26,23,"Elec Wall, Zio, Mazio(10), Runic Shield(11), Spotter(12), Sleep Circle(13)",,Mazio,Magic_C
Alp,Lovers,9,35,17,"Magaru, Evil Touch, Poison Circle(10), Treasure Hunter(11), Null M-Bind(12)",,Magaru,Ice_D
Chimera,Chariot,10,65,13,"Snake Glare, Fusion Blast, Broadshot(11), Orb of Power(12), Rakukaja(13), Bestial Roar(14)",,Orb of Power,Physical_A
Cu Sith,Sun,10,35,19,"Safety Prayer, Jinpugeki, Skull Cracker(11), Gale Link(12), Magaru(13), Resist Wind(14)",,Safety Prayer,Fire_D
Yaksini,Empress,11,62,13,"Null Paralysis, Frost Link, Death Counter(12), Hunting Prayer(13), Swift Strike(14), Double Link(15)",,Death Counter,Physical_A
Andras,Moon,11,43,18,"Mudo, Teardrop, Sleep Circle(13), Mutudi(14), Null Petrify(15), Resist Dark(16)",,Sleep Circle,Dark_D
Xiezhai,Temperance,12,51,15,"Bolt Strike, Dormina, Mazio(13), Kidney Smash(14), Endure(15), Renewal Ray(16)",,Kidney Smash,Magic_D
Raijuu,Tower,12,39,21,"Elec Wall, Raikouzan, Zionga(13), Bolt Link(14), Elec Boost(15), Resist Elec(16)",,Zionga,Lightning_C
Yatagarasu,Star,12,39,22,"Clairvoyance, Magaru, Lethargy Circle(13), Circle Recovery(14), Mutudi(15), First Star(16)",,Clairvoyance,Magic_C
Ippon-Datara,Hermit,13,81,13,"Treasure Hunter, Teardrop, Broadshot(14), Decay Circle(15), Death Chaser(16), Sukukaja(17)",,Decay Circle,Wind_B
Incubus,Devil,13,39,24,"Evil Touch, Toxic Slice, Impure Reach(14), Lullaby Song(15), Mamudo(16)",,Impure Reach,Ice_D
Archangel,Justice,14,39,20,"Null Paralysis, Jinpugeki, Life Aid(15), Yomi Return(16), Mahama(17)",,Life Aid,Light_A
High Pixie,Priestess,15,26,26,"Media, Garu, Recarm(16), Pure Memento(17), Spotter(18), Diarama(19)",,Media,Wind_C
Berith,Hanged,15,58,19,"Silence Circle, Gurentou, Assault Shot(16), Mamudo(17), Rakukaja(18), Null Panic(19)",,Assault Shot,Dark_A
Jack Frost,Magician,16,55,25,"Ice Wall, Mabufu, Bufula(17), Ice Boost(18), Scarecrow(19), Sutakora Foot(20)",,Bufula,Ice_A
Kaguya,Moon,16,72,37,"Purifying Rain, Resseiha, Lunar Blessing(17), Yomi Return(18), Renewal Aura(19), Holy Touch(20), Eternal Melody(21), Return from Yomi(22)",X,Purifying Rain,
Moh Shuvuu,Lovers,17,39,32,"Gale Link, Me Patra, Free Memento(18), Media(19), Null Poison(20), Wind Boost(21)",,Me Patra,Fire_D
Eligor,Chariot,17,72,19,"Bloody Vanguard, Assault Dive, Glacial Edge(18), Mighty Swing(19), Safeguard(20), Orb of Resolve(21)",,Glacial Edge,Wind_B
Oni,Strength,17,100,15,"Assault Shot, Fang Smash, Shura Tensei(18), Flame Link(19), Endure(20), Null S-Bind(21)",,Fang Smash,Physical_A
Setanta,Emperor,18,92,16,"Tarukaja, Kidney Smash, Swift Strike(19), Bolt Link(20), Double Link(21), Power Charge(22)",,Swift Strike,Physical_A
Shiisaa,Hierophant,18,81,16,"Tarunda, Stunning Slice, Yomi Return(19), Harvest Prayer(20), Alleys of Light(21), Makajam(22)",,Yomi Return,Wind_B
Phoenix,Sun,18,51,26,"Fire Wall, Maragi, Recarm(19), Agilao(20), Null M-Bind(21), Resist Fire(22)",,Agilao,Lightning_C
Titania,Empress,19,31,36,"Wind Wall, Magaru, Runic Shield(20), Garula(21), Patra(22), Wind Boost(23)",,Garula,Magic_C
Power,Justice,20,62,24,"Null Curse, Mahama, Mighty Swing(21), Power Charge(22), Warrior Title(23), Me Patra(24)",,Mahama,
Nue,Hermit,20,89,15,"Scarecrow, Tempest Slash, Bestial Roar(21), Scorching Blast(22), Death Counter(23)",,Bestial Roar,Dark_B
Legion,Fool,21,100,12,"Restoring Touch, Assault Shot, Evil Smile(22), Rakunda(23), Null Paralysis(24)",,Evil Smile,Dark_B
Nozuchi,Moon,21,95,14,"Snake Glare, Glacial Edge, Mighty Swing(22), Mutudi(23), Harvest Prayer(24)",,Snake Glare,Wind_B
Ikusa,Hanged,22,78,16,"Fang Smash, Kidney Smash, Mighty Swing(23), Sukukaja(24), Resseiha(25), Null S-Bind(26)",,Mighty Swing,Physical_B
Matador,Death,22,81,23,"Wind Wall, Shinkuuha, Death Chaser(23), Pain-Eater(24), Stun Circle(25), Death's Scythe(26)",,Shinkuuha,Magic_A
Ares,Chariot,23,107,16,"Glacial Edge, Resseiha, Power Charge(24), Shinkuuha(25), Warrior Title(26), Orb of Power(27)",,Resseiha,Physical_A
Neko Shogun,Star,23,84,28,"Garula, Death Counter, Gale Link(24), First Star(25), Endure(26), Bestial Roar(27)",,First Star,Wind_A
Queen Mab,Lovers,24,51,34,"Null Panic, Zionga, Mind Charge(25), Masukunda(26), Elec Boost(27), Runic Shield(28)",,Masukunda,Fire_C
Hua Po,Magician,25,47,33,"Recarm, Maragi, Media(26), Fire Boost(27), Agilao(28), Healing Hand(29)",,Recarm,Fire_C
King Frost,Emperor,25,100,26,"Absorb Ice, Bufula, Ice Wall(26), Mabufu(27), Ice Boost(28), Spotter(29)",,Ice Wall,Ice_C
Mothman,Hermit,25,72,26,"Null Poison, Poison Breath, Mazio(26), Mudoon(27), Magaru(28), Absorb Wind(29)",,Poison Breath,Light_C
Orpheus Telos,Fool,26,125,33,"Flame Link, Golden Link, Healing Harp(27), Forked Spear(28), Absorb Fire(29), Return from Yomi(30), Fire Amp(31), Victory Cry(32)",X,Forked Spear,
Fortuna,Fortune,26,43,38,"Cornucopia, Garula, Alleys of Light(27), Pure Memento(28), Resist Wind(29), Masukukaja(30)",,Pure Memento,Fire_C
Tsuchigumo,Strength,26,109,19,"Rebel Spirit, Decay Circle, Arrow Rain(27), Circle Recovery(28), Guillotine(29), Null Petrify(30)",,Arrow Rain,Physical_A
Orochi,Moon,26,113,19,"Snake Glare, Tempest Slash, Endure(27), Heat Wave(28), Orb of Resolve(29), Null Panic(30)",,Tempest Slash,Physical_B
Turdak,Death,27,102,28,"Shinkuuha, Frost Link, Double Link(28), Golden Link(29), Heroic Gemini(30), Demon's Cut(31)",,Double Link,
Mithra,Temperance,27,81,33,"Resist Light, Megido, Heroic Wind(28), Null Curse(29), Hamaon(30), Mudoon(31)",,Megido,Magic_C
Ganga,Priestess,28,75,27,"Cornucopia, Mabufu, Orb of Haste(29), Makajam(30), Bufula(31), Resist Ice(32)",,Orb of Haste,Dark_D
Unicorn,Hierophant,28,72,25,"Fortune Hunter, Diarama, Recarm(29), Masukunda(30), Hailstorm(31), Null Poison(32)",,Diarama,Lightning_D
Virtue,Justice,29,72,32,"Diarama, Arrow Rain, Hamaon(30), Masukukaja(31), Holy Touch(32), Mahama(33)",,Hamaon,Lightning_C
Succubus,Devil,29,51,40,"Impure Reach, Lullaby Song, Hailstorm(30), Diarama(31), Scarecrow(32), Dark Wall(33)",,Hailstorm,Dark_C
Red Rider,Judgement,29,100,26,"Fire Wall, Fatal End, Death's Scythe(30), Agilao(31), Swordbreaker(32), Masukunda(33)",,Fatal End,Fire_A
Gorgon,Empress,30,78,28,"Null Petrify, Bufula, Mamudo(31), Ice Boost(32), Marakunda(33), Orb of Haste(34)",,Mamudo,Dark_D
Mezuki,Chariot,30,121,19,"Elec Wall, Bolt Link, Fatal End(31), Endure(32), Sukunda(33), Colossal Swing(34)",,Bolt Link,Physical_A
Ose,Fool,31,111,25,"Fatal End, Gokuentou, Critical Eye(32), Death Chaser(33), Rakukaja(34), Bloody Vanguard(35)",,Critical Eye,Lightning_A
Narasimha,Sun,31,121,17,"Sonic Punch, Rakunda, Guillotine(32), Calming Lull(33), Bestial Roar(34), Swordbreaker(35)",,Sonic Punch,Physical_A
Pyro Jack,Magician,32,81,30,"Absorb Fire, Maragi, Maragion(33), Fortune Hunter(34), Fire Boost(35), Fire Wall(36)",,Maragion,Fire_A
Kaiwan,Star,32,84,38,"Silence Circle, Mamudo, Summon Ghost(34), Circle Recovery(35), Megido(36), Binding Hands(37)",,Summon Ghost,
Gozuki,Hierophant,33,134,23,"Frost Link, Moondrop, Double Link(34), Colossal Swing(35), Power Charge(36), Demon's Bash(37)",,Frost Link,Physical_B
Clotho,Fortune,33,62,42,"Renewal Ray, Recarm, Mediarama(34), Matarukaja(35), Pure Memento(36), Free Memento(37)",,Matarukaja,Ice_C
White Rider,Death,33,121,28,"Megido, Masukukaja, Guillotine(34), Mahama(35), Mamudo(36), Demon's Stab(37)",,Guillotine,Light_A
Oukuninushi,Emperor,34,121,20,"Reppu Strike, Safeguard, Magic Mallet(35), Endure(36), Marakukaja(37), Vorpal Blade(38), Null Sleep(39)",,Reppu Strike,Physical_A
Hitokotonushi,Hermit,34,130,21,"Tarunda, Arrow Rain, Sonic Punch(35), Heat Wave(36), Clairvoyance(37), Resist Elec(38)",,Heat Wave,Fire_A
Rakshasa,Strength,34,111,22,"Immunity Buffer, Raimeizan, Zanshinken(35), Shura Tensei(36), Shura Instincts(37), First Star(38), Demon's Cut(39)",,Shura Tensei,Physical_A
Pazuzu,Devil,34,117,26,"Evil Smile, Zanshinken, Mudoon(35), Marakunda(36), Aeon Rain(37)",,Mudoon,Light_A
Leanan Sidhe,Lovers,35,69,42,"Faerie's Vigil, Bufula, Heroic Wind(36), Renewal Aura(37), Salome's Kiss(38), Dark Wall(39)",,Heroic Wind,Ice_C
Dominion,Justice,35,100,30,"Light Wall, Holy Touch, Mediarama(36), Hamaon(37), Judgment Sword(38), Healing Hand(39)",,Holy Touch,Light_C
Genbu,Temperance,35,152,20,"Hailstorm, Marakukaja, Eternal Melody(36), Body Shield(37), Heroic Wind(38), Farsight(39)",,Eternal Melody,Light_B
Orthrus,Hanged,36,140,19,"Scorching Blast, Heat Wave, Flame Link(37), Matarukaja(38), Forked Spear(39), First Star(40)",,Scorching Blast,Fire_B
Parvati,Priestess,37,81,42,"Absorb Elec, Zionga, Me Patra(38), Alleys of Light(39), Elec Boost(40), Mazionga(41), Return from Yomi(42)",,Alleys of Light,Lightning_C
Kikurihime,Star,37,75,41,"Agilao, Mediarama, Life Aid(38), Me Patra(39), Maragion(40), Fire Boost(41), Fire Wall(42)",,Mediarama,Fire_D
Oumitsunu,Chariot,38,140,20,"Body Shield, Lightning Smash, Swordbreaker(39), Heavy Shot(40), Colossal Swing(41), Null S-Bind(42), Demon's Bash(43)",,Lightning Smash,Physical_A
Samael,Death,38,100,28,"Marakunda, Megido, Silence Circle(39), Binding Hands(40), Punishment(41), Resist Dark(42)",,Silence Circle,Light_A
Anubis,Judgement,38,130,21,"Stun Circle, Summon Ghost, Yomi Return(39), Circle Recovery(40), Death's Scythe(41), Null A-Bind(42)",,Circle Recovery,
Dis,Magician,39,81,44,"Harvest Prayer, Agilao, Fire Boost(40), Diarama(41), Renewal Ray(42), Resist Fire(43)",,Harvest Prayer,Fire_C
Basilisk,Devil,39,140,20,"Null A-Bind, Guillotine, Poison Circle(40), Restoring Touch(41), Endure(42), Pure Memento(43), Null Poison(44)",,Poison Circle,Dark_A
Alraune,Moon,39,92,45,"Tentarafoo, Magarula, Free Memento(40), Garula(41), Salome's Kiss(42), Resist Wind(43)",,Free Memento,Ice_C
Kurama Tengu,Hermit,40,130,28,"Tengu's Vigil, Garula, Vorpal Blade(41), Magarula(42), Absorb Wind(43), Wind Amp(44)",,Magarula,Fire_A
Seiryuu,Temperance,40,121,30,"Ice Wall, Bufula, Mind Charge(41), Mabufula(42), Absorb Ice(43), Ice Amp(44)",,Mabufula,Ice_C
Thoth,Emperor,41,109,42,"Heroic Wind, Zionga, Elec Boost(42), Mazionga(43), Resist Elec(44), Elec Amp(45)",,Mazionga,Lightning_D
Flauros,Hierophant,41,130,22,"Gokuentou, Sleep Circle, Guillotine(42), Summon Ghost(43), Stardrop(44), Lemegeton(45)",,Gokuentou,Wind_B
Hanuman,Strength,41,150,21,"Pain-Eater, Raimeizan, Death Chaser(42), Blade of Fury(43), Critical Eye(44), Pain Watcher(45), Demon's Cut(46)",,Raimeizan,Physical_A
Cu Chulainn,Tower,41,140,20,"Forked Spear, Gale Link, Double Link(42), Power Charge(43), Golden Link(44), Heavy Shot(45), Demon's Stab(46)",,Gale Link,Physical_A
Gabriel,Empress,42,92,38,"Diarama, Holy Touch, Healing Hand(43), Mediarama(44), Light Wall(45), Samarecarm(46)",,Healing Hand,Light_C
Ganesha,Sun,42,160,22,"Reppu Strike, Moondrop, Magarula(43), Critical Eye(44), Wind Boost(45), Resist Wind(46), Colossal Swing(47)",,Moondrop,Physical_A
Throne,Justice,43,89,44,"Maragion, Renewal Aura, Holy Touch(44), Resist Fire(45), Recarm(46), Fire Wall(47)",,Renewal Aura,Fire_C
Triglav,Chariot,44,140,29,"Aeon Rain, Raging Fists, Dragon Cry(45), Masukunda(46), Gigantic Fist(47), Power Charge(48)",,Aeon Rain,Magic_B
Lilith,Devil,44,87,48,"Lullaby Song, Resist Dark, Impure Reach(45), Mamudoon(46), Salome's Kiss(47), Stagnant Air(48)",,Lullaby Song,
Rangda,Magician,45,121,28,"Immunity Buffer, Heavy Shot, Death Counter(46), Pain-Eater(47), Life Wall(48), Pain Watcher(49), Bloody Vanguard(50)",,Heavy Shot,Magic_A
Yatsufusa,Hanged,45,97,44,"Null M-Bind, Nuclear Blast, Flame Link(46), Double Link(47), Brain Shake(48), Golden Link(49), Return from Yomi(50)",,Flame Link,Fire_A
Girimehkala,Moon,45,130,22,"Immunity Buffer, Zanshinken, Life Wall(46), Pain-Eater(47), Revenge Blow(48), Pain Watcher(49)",,Zanshinken,Physical_A
Pabilsag,Emperor,46,150,23,"Lethargy Circle, Lightning Smash, Binding Hands(47), Sonic Punch(48), Null Sleep(49), Stardrop(50)",,Lethargy Circle,Dark_B
Black Frost,Fool,47,121,41,"Absorb Fire, Agidyne, Icy Paradise(48), Absorb Ice(49), Trick Step(50), Fire Amp(51), Ice Amp(52)",,Agidyne,
Lachesis,Fortune,47,89,45,"Wind Wall, Garudyne, Marakukaja(48), Purifying Rain(49), Marakunda(50), Eternal Melody(51), Resist Wind(52)",,Marakukaja,Lightning_C
Mot,Death,47,121,32,"Dark Wall, Heavy Shot, Poison Circle(48), Mamudoon(49), Impure Reach(50), Stagnant Air(51), Resist Dark(52)",,Dark Wall,Dark_C
Abaddon,Tower,47,154,24,"Sonic Punch, Moondrop, Gigantic Fist(48), Matarunda(49), Body Shield(50), Endure(51), Null Petrify(52)",,Gigantic Fist,Physical_A
Garuda,Star,47,111,43,"Absorb Wind, Magarula, Wind Boost(48), Garudyne(49), Wind Amp(50), Wind Wall(51)",,Garudyne,Wind_C
Raphael,Lovers,48,100,48,"Hamaon, Vorpal Blade, Mediarama(49), Punishment(50), End Shot(51), Judgment Sword(52)",,Vorpal Blade,Light_A
Suzaku,Temperance,48,100,46,"Absorb Fire, Nuclear Blast, Maragion(49), Fire Boost(50), Sutakora Foot(51), Fire Amp(52)",,Nuclear Blast,Ice_C
Nidhoggr,Hermit,49,160,26,"Dark Wall, End Shot, Body Shield(50), Revenge Blow(51), Mamudoon(52), Dragon Cry(53)",,End Shot,Dark_B
Tam Lin,Sun,49,140,28,"Bolt Link, Blade of Fury, Myriad Arrows(50), Triple Link(51), Endure(52), Bloody Vanguard(53), Demon's Stab(54)",,Blade of Fury,Fire_A
Skadi,Empress,50,92,50,"Mediarama, Mabufula, Bufudyne(51), Swordbreaker(52), Mind Charge(53), Ice Amp(54), Resist Ice(55)",,Bufudyne,Wind_C
Hell Biker,Hanged,51,140,30,"Matarunda, Nuclear Blast, Punishment(52), Resist Fire(53), Deathbound(54), Raging Fists(55), Dekaja(56)",,Matarunda,Ice_A
Belial,Devil,51,161,30,"Agidyne, Lethargy Circle, Summon Demon(52), Lemegeton(53), Revenge Blow(54), Matarunda(55)",,Lemegeton,Dark_A
Decarabia,Fool,52,104,53,"Agidyne, Megidola, Farsight(53), Stun Circle(54), Summon Demon(55), Circle Recovery(56), Lemegeton(57)",,Megidola,Ice_B
Mishaguji,Hierophant,52,130,28,"Death Chaser, Stardrop, Calming Lull(53), Megidola(54), Restoring Touch(55), Dekaja(56), Deathbound(57)",,Stardrop,Ice_A
Uriel,Justice,52,100,50,"Paths of Light, Mahamaon, Brutal Slash(53), Samarecarm(54), Diarahan(55), Resist Light(56), Healing Hand(57)",,Paths of Light,
Kartikeya,Star,52,123,31,"Bloody Vanguard, Bolt Link, Triple Link(53), Forked Spear(54), Golden Link(55), Life Aid(56), Critical Eye(57)",,Bloody Vanguard,Ice_A
Black Rider,Judgement,52,140,30,"Lethargy Circle, Revenge Blow, Judgment Sword(53), Summon Demon(54), Punishment(55), Eternal Melody(56), Photon Edge(57)",,Revenge Blow,Magic_A
Jinn,Magician,53,121,49,"Absorb Wind, Garudyne, Nuclear Blast(54), Wind Wall(55), Dekunda(56), Wind Amp(57)",,Wind Wall,Wind_C
Ooyamatsumi,Strength,53,172,23,"Harvest Prayer, Raijinzan, Power Charge(54), Revenge Blow(55), Marakukaja(56), Orb of Power(57), Demon's Bash(58)",,Power Charge,Physical_A
Ananta,Fortune,54,180,24,"Snake Glare, Poison Circle, Swordbreaker(55), Body Shield(56), Endure(57), Restoring Touch(58)",,Body Shield,Wind_B
Mother Harlot,Empress,55,160,32,"Absorb Elec, Poison Breath, Ziodyne(56), Salome's Kiss(57), Elec Boost(58), Maziodyne(59), Stagnant Air(60)",,Ziodyne,Ice_C
Nebiros,Hermit,55,81,52,"Impure Reach, Sleep Circle, Summon Demon(56), Matarunda(57), Dekaja(58), Stagnant Air(59)",,Summon Demon,Magic_C
Hariti,Priestess,56,140,40,"Marakunda, Garudyne, Purifying Rain(57), Gale Link(58), Triple Link(59), Mind's Eye(60)",,Marakunda,Ice_D
Mara,Tower,56,180,28,"Absorb Fire, Myriad Arrows, Tentarafoo(57), Stagnant Air(58), Maragidyne(59), Fire Amp(60)",,Stagnant Air,
Sraosha,Star,57,100,36,"Renewal Aura, Wind Amp(60), Resist Dark(58), Shadow Run(59), Judgment Sword(60), Healing Hand(61), Bloody Vanguard(62)",,Shadow Run,Light_D
Jatayu,Sun,57,121,38,"Orb of Haste, Gale Link, Magarudyne(58), Dekaja(59), Wind Amp(60), Renewal Aura(61)",,Magarudyne,Wind_C
Cybele,Lovers,58,92,52,"Absorb Wind, Blade of Fury, Kamikaze Strike(59), Endless Bounty(60), Diarahan(61), Cornucopia(62), Shadow Run(63)",,Kamikaze Strike,Ice_A
Ophanim,Justice,58,92,55,"Farsight, Maragidyne, Diarahan(59), Photon Edge(60), Orb of Power(61), Paths of Light(62), Dekunda(63)",,Maragidyne,Fire_C
Siegfried,Strength,58,140,31,"Immunity Buffer, Brain Shake, End Shot(59), Death Counter(60), Heroic Gemini(61), Blade of Fury(62), Victory Cry(63)",,Brain Shake,Physical_A
Alice,Death,58,84,60,"Evil Smile, Megidola, Die For Me!(59), Mind Charge(60), Salome's Kiss(61), Null M-Bind(62), Eternal Melody(63), Null Curse(64)",,Mind Charge,Magic_C
Atropos,Fortune,59,92,54,"Masukukaja, Bufudyne, Free Memento(60), Absorb Ice(61), Eternal Melody(62), Ice Boost(63), Ice Wall(64)",,Masukukaja,Ice_D
Chernobog,Moon,59,121,40,"Panic Circle, Mamudoon, Death's Scythe(60), Impure Reach(61), Photon Edge(62), Dekunda(63), Stagnant Air(64)",,Death's Scythe,Magic_B
Kingu,Emperor,60,130,38,"Snake Glare, Myriad Arrows, Dekunda(61), Free Memento(62), Masukunda(63), Endure(64), Rebel Spirit(65)",,Dekunda,Magic_B
Daisoujou,Hierophant,60,81,60,"Light Wall, Purifying Rain, Samsara(61), Paths of Light(62), Samarecarm(63), Healing Hand(64), Yomi Return(65)",,Purifying Rain,Light_C
Thor,Chariot,60,180,30,"Absorb Elec, Thunder Smash, Thunder Reign(61), Life Aid(62), Warrior Title(63), Demon's Bash(64), Heroic Gemini(65), God's Bash(66)",,Thunder Smash,Fire_A
Shiki-Ouji,Fool,61,150,32,"Matarukaja, Blade of Fury, Mind's Eye(62), Mabufudyne(63), Purifying Rain(64), Tousatsujin(65), Ice Wall(66)",,Mabufudyne,Physical_A
Byakko,Temperance,61,160,30,"Absorb Ice, Tousatsujin, Bufudyne(62), Ice Boost(63), Mabufudyne(64), First Star(65), Ice Amp(66)",,Tousatsujin,Ice_A
Seiten Taisei,Tower,61,180,30,"Forked Spear, Silent Thrust, Trick Step(62), God's Stab(63), Raging Fists(64), Heroic Gemini(65), Swordbreaker(66), Mind's Eye(67)",,Forked Spear,Physical_A
Surt,Magician,62,180,28,"Absorb Fire, Hientou, Ragnarok(63), Fire Boost(64), Fire Wall(65), Fire Amp(66), Heroic Gemini(67)",,Hientou,Fire_A
Arahabaki,Hermit,62,160,34,"Immunity Buffer, Tousatsujin, Rebel Spirit(63), Life Wall(64), Orb of Resolve(65), Ice Wall(66), Endure(67)",,Life Wall,Ice_A
Kali,Strength,63,186,28,"Death Counter, Deathbound, Pain-Eater(64), Hientou(65), God's Cut(66), Pain Watcher(67), Heroic Gemini(68)",,Deathbound,Physical_A
Vasuki,Hanged,63,130,40,"Poison Breath, Shadow Run, Silence Circle(64), Dekaja(65), Circle Recovery(66), Impure Reach(67), Stagnant Air(68)",,Dekaja,Lightning_A
Pale Rider,Death,63,143,51,"Hientou, Frost Link, Triple Link(64), Death's Scythe(65), Punishment(66), Stagnant Air(67), Resist Ice(68)",,Triple Link,
Belphegor,Devil,63,140,38,"Decay Circle, Evil Smile, Binding Hands(64), Me Patra(65), Null M-Bind(66), Null S-Bind(67), Null A-Bind(68)",,Binding Hands,Lightning_C
Tzitzimitl,Priestess,64,100,55,"Salome's Kiss, Mudoon, Maziodyne(65), Magarudyne(66), Maragidyne(67), Mabufudyne(68), Restoring Touch(69)",,Maziodyne,
Melchizedek,Justice,64,121,40,"Null Paralysis, Photon Edge, Warrior Title(65), Marakukaja(66), Matarukaja(67), Masukukaja(68), Judgment Sword(69)",,Warrior Title,Light_A
Trumpeter,Judgement,64,121,49,"Mahamaon, Megidola, Angelic Trumpet(65), Matarunda(66), Dekaja(67), Dekunda(68), Resist Light(69)",,Mahamaon,Light_C
Lakshmi,Empress,65,92,58,"Renewal Aura, Purifying Rain, Diarahan(66), Mediarahan(67), Healing Hand(68), Yomi Return(69), Samarecarm(70)",,Mediarahan,Magic_C
Barong,Emperor,65,160,36,"Elec Boost, Ziodyne, Return from Yomi(66), Thunder Smash(67), Elec Amp(68), Resist Elec(69), Eternal Melody(70)",,Return From Yomi,Lightning_C
Suparna,Sun,65,121,40,"Null A-Bind, Kamikaze Strike, Death Chaser(66), Garudyne(67), Wind Amp(68), Magarudyne(69), First Star(70)",,Death Chaser,Wind_C
Atavaka,Chariot,66,184,38,"Shura Tensei, End Shot, Shura Revert(67), Silent Thrust(68), Mind's Eye(69), Roads of Light(70), God's Stab(71), God's Cut(72)",,Shura Revert,Lightning_A
Norn,Fortune,66,100,60,"Runic Shield, Garudyne, Bufudyne(67), Ziodyne(68), Agidyne(69), Diarahan(70), Mediarahan(71), Samarecarm(72)",,Diarahan,
Masakado,Tower,67,150,40,"Rebel Spirit, Deathbound, Raijinzan(68), Raging Fists(69), Endure(70), Heroic Gemini(71), Victory Cry(72)",,Rebel Spirit,Wind_A
Hachiman,Hierophant,68,160,40,"Bolt Link, Quadruple Link, Thunder Smash(69), Elec Wall(70), Golden Link(71), Absorb Elec(72), Warrior Title(73)",,Elec Wall,Light_A
Ishtar,Lovers,68,81,60,"Mediarama, Mazionga, Samarecarm(69), Pure Memento(70), Free Memento(71), Mediarahan(72), Salome's Kiss(73)",,Samarecarm,Lightning_D
Mada,Magician,69,189,32,"Absorb Fire, Agidyne, Fire Wall(70), Maragidyne(71), Fire Boost(72), Colossal Swing(73), Fire Amp(74)",,Fire Wall,Fire_A
Thanatos,Death,70,187,54,"Flame Link, Primal Force, Door of Hades(71), Infinite Link(72), Death's Scythe(73), Endure(74), Heroic Gemini(75), Colossal Swing(76)",X,Infinite Link,
Helel,Star,70,170,58,"Mind Charge, Megidolaon, Morning Star(71), Light Wall(72), Null M-Bind(73), Null S-Bind(74), Resist Light(75), Resist Dark(76)",,Light Wall,Magic_A
Seth,Moon,70,150,42,"Wind Wall, Myriad Arrows, Kamikaze Strike(71), Death Chaser(72), Magarudyne(73), Warrior Title(74), Wind Amp(75)",,Myriad Arrows,Dark_A
Ongyo-Ki,Hermit,71,180,36,"Demon's Cut, Flame Link, Quadruple Link(72), Tousatsujin(73), Endure(74), Shura Tensei(75), Death Counter(76), First Star(77)",,Quadruple Link,Dark_A
Michael,Judgement,71,160,60,"Victory Cry, God's Hand, Heaven's Blade(72), Punishment(73), Mind Charge(74), Judgment Sword(75), Ice Amp(76), Wind Amp(77)",,Punishment,
Loki,Fool,72,140,52,"Trick Step, Bufudyne, Niflheim(73), Pain Watcher(74), Ice Boost(75), Rebel Spirit(76), Mind Charge(77), Ice Amp(78)",,Trick Step,Ice_A
Odin,Emperor,72,198,45,"Runic Shield, Thunder Smash, Panta Rhei(73), Mind Charge(74), God's Stab(75), Absorb Wind(76), Critical Eye(77), Wind Amp(78)",,Runic Shield,Ice_A
Vishnu,Temperance,72,200,70,"God's Hand, Megidolaon, Mediarahan(73), God's Cut(74), God's Stab(75), God's Bash(76), Bloody Vanguard(77), Roads of Light(78)",,Megidolaon,Magic_A
Kohryu,Hierophant,73,170,38,"Dragon Cry, Shadow Run, Megidolaon(74), Fire Amp(75), Ice Amp(76), Elec Amp(77), Wind Amp(78)",,Dragon Cry,Magic_C
Astaroth,Devil,73,130,56,"Panic Circle, Mamudoon, Impure Reach(74), Stagnant Air(75), Circle Recovery(76), Summon Demon(77), Dragon Cry(78), Salome's Kiss(79)",,Mamudoon,Lightning_A
Attis,Hanged,74,121,42,"Purifying Rain, Mediarahan, Roads of Light(75), Heroic Wind(76), Free Memento(77), Pure Memento(78), Samarecarm(79)",,Roads of Light,Light_A
Alilat,Empress,75,121,62,"Immunity Buffer, Photon Edge, Null Paralysis(76), Null Panic(77), Null Sleep(78), Null Poison(79), Null Curse(80), Null Petrify(81)",,Immunity Buffer,Wind_A
Baal Zebul,Moon,75,200,60,"Diarahan, Raijinzan, Mamudoon(76), Masukunda(77), Matarunda(78), Marakunda(79), Dekunda(80)",,Raijinzan,Fire_A
Scathach,Priestess,76,160,58,"Frost Link, Primal Force, Quadruple Link(77), Swordbreaker(78), Death Chaser(79), Golden Link(80), God's Stab(81)",,Swordbreaker,Ice_A
Yoshitsune,Tower,76,140,36,"First Star, Heroic Gemini, Hassou Tobi(77), Bloody Vanguard(78), God's Cut(79), Trick Step(80), Warrior Title(81), Swordbreaker(82)",,Heroic Gemini,Magic_A
Satan,Judgement,77,220,78,"Rebel Spirit, Megidolaon, Black Viper(78), Endure(79), Raging Fists(80), Fire Amp(81), Elec Amp(82), Mind Charge(83)",,Endure,Lightning_C
Mahakala,Death,78,150,48,"Power Charge, Brutal Slash, Danse Macabre(79), Forked Spear(80), God's Cut(81), Swordbreaker(82), Raging Fists(83), Heroic Gemini(84)",,Brutal Slash,Fire_A
Futsunushi,Chariot,79,170,42,"God's Cut, Brutal Slash, Photon Edge(80), Power Charge(81), Swordbreaker(82), Matarukaja(83), Critical Eye(84)",,Photon Edge,Physical_A
Zaou-Gongen,Strength,80,180,48,"God's Bash, God's Hand, Heroic Gemini(81), Masukukaja(82), Marakukaja(83), Matarukaja(84), Dekaja(85)",,God's Hand,Wind_A
Sandalphon,Moon,80,190,74,"Diarahan, Primal Force, Heaven's Blade(81), God's Hand(82), Victory Cry(83), Paths of Light(84), Judgment Sword(85), Absorb Wind(86)",,Primal Force,
Shiva,Tower,82,230,77,"Ziodyne, Megidolaon, Pralaya(83), Silent Thrust(84), God's Stab(85), Elec Amp(86), Absorb Elec(87), God's Bash(88)",,Silent Thrust,
Metatron,Judgement,82,190,76,"Judgment Sword, God's Hand, Heaven's Blade(83), Megidolaon(84), Mediarahan(85), Punishment(86), Absorb Ice(87), God's Cut(88)",,Judgment Sword,
Beelzebub,Devil,84,240,64,"Elec Amp, Ziodyne, Victory Cry(85), Maziodyne(86), Mind Charge(87), Decay Circle(88), Summon Demon(89), Absorb Elec(90)",,Victory Cry,
Asura,Sun,86,250,62,"Shura Instincts, Primal Force, Light Wave(87), Maragidyne(88), Shura Revert(89), Fire Amp(90), God's Bash(91), Absorb Fire(92)",,Shura Instincts,Lightning_A
Chi You,Tower,87,240,48,"Power Charge, Flame Link, Infinite Link(88), Forked Spear(89), Victory Cry(90), God's Cut(91), God's Stab(92), God's Bash(93)",,Infinite Link,Wind_A
Warrior Zeus,Judgement,87,220,54,"Raging Fists, Thunder Smash, Maziodyne(88), Colossal Swing(89), First Star(90), Absorb Elec(91), Elec Amp(92), Heroic Gemini(93)",,Colossal Swing,
Ardha,Judgement,89,200,78,"Gale Link, Megidolaon, Prana(90), Quadruple Link(91), Golden Link(92), Absorb Wind(93), Wind Amp(94), Absorb Elec(95)",,Golden Link,
Zeus,Judgement,91,250,74,"Raging Fists, God's Hand, Keraunos(92), Colossal Swing(93), Absorb Elec(94), God's Bash(95), Elec Amp(96), Heroic Gemini(97)",,Raging Fists,
Magatsu-Izanagi,Tower,92,220,60,"Resist Dark, Silent Thrust, Calamity Seed(93), Resist Light(94), Absorb Fire(95), Absorb Ice(96), Absorb Wind(97), Absorb Elec(98)",X,Silent Thrust,
Lucifer,Judgement,93,260,80,"Rebel Spirit, Mabufudyne, World's End(94), Mind's Eye(95), Absorb Ice(96), Ice Amp(97), Absorb Fire(98), Mind Charge(99)",,Mind's Eye,
